{
  "StringResource": {
    "windowTitle": "教员台界面",
    "flightMapTitle": "地图界面",
    "helicopterName": "直升机",
    "flighterName": "战斗机"
  },
  "ComConfig": {
    "selfPort": 16000,
    "udp720Port": 15000,
    "ipSelf": "192.168.0.135",
    "ip720Platform": "192.168.0.134",
    "ipWswUdpServer": "192.168.0.131",
    "ipGunBarrel": "192.168.0.133",
    "wswUdpPort": 14000,
    "renewUIRecieveCount": 50
  },
  "GridAxesDrawPara": {
    "axesHeight": 700.0,
    "axesWidth": 1000.0,
    "drawTop": -30.0,
    "drawDown": 30.0,
    "drawLeft": -30.0,
    "drawRight": 30.0,
    "drawLabelTop": 5.0,
    "drawLabelLeft": 14.0,
    "labelFontSize": 20,
    "labelAxesInterval": 10,
    "labelAxesInit": 0
  },
  "WswData": {
    "flighterInitInfo": {
      "X": -2169349.3768,
      "Y": 4386443.6876,
      "Z": 4106805.1241,
      "Yaw": 0.1873927,
      "Pitch": 0.0011897,
      "Roll": 0.0013987
    },
    "helicopterInitInfo": {
      "X": -2166765.6698,
      "Y": 4381229.0368,
      "Z": 4101920.0426,
      "Yaw": -0.5154596,
      "Pitch": 0.0011189,
      "Roll": 0.00139873
    }
  }
}